Day,station,day,speed,direction,gust,avgvect,gustvect
0,PPAC,1,2.995168,12,9.879584000000001,"(2.93, 0.623)","(9.664, 2.054)"
1,PPAC,2,0.983488,261,5.9009279999999995,"(-0.154, -0.971)","(-0.923, -5.828)"
2,PPAC,3,2.503424,223,5.588,"(-1.831, -1.707)","(-4.087, -3.811)"
3,PPAC,4,3.978656,182,13.902944,"(-3.976, -0.139)","(-13.894, -0.485)"
4,PPAC,5,8.091424,254,17.300448,"(-2.23, -7.778)","(-4.769, -16.63)"
5,PPAC,6,4.515104,257,9.61136,"(-1.016, -4.399)","(-2.162, -9.365)"
6,PPAC,7,2.90576,229,7.5102720000000005,"(-1.906, -2.193)","(-4.927, -5.668)"
7,PPAC,8,4.112768,171,10.103104,"(-4.062, 0.643)","(-9.979, 1.58)"
8,PPAC,9,5.9009279999999995,301,13.590015999999999,"(3.039, -5.058)","(6.999, -11.649)"
9,PPAC,10,4.380992,296,9.879584000000001,"(1.921, -3.938)","(4.331, -8.88)"
10,PPAC,11,4.380992,202,11.712448,"(-4.062, -1.641)","(-10.86, -4.388)"
11,PPAC,12,2.414016,221,6.392672,"(-1.822, -1.584)","(-4.825, -4.194)"
12,PPAC,13,2.2799039999999997,3,7.689088,"(2.277, 0.119)","(7.679, 0.402)"
13,PPAC,14,2.90576,62,8.314944,"(1.364, 2.566)","(3.904, 7.342)"
14,PPAC,15,3.486912,66,9.119615999999999,"(1.418, 3.185)","(3.709, 8.331)"
15,PPAC,16,1.922272,24,7.197344,"(1.756, 0.782)","(6.575, 2.927)"
16,PPAC,17,5.006848,304,10.416032,"(2.8, -4.151)","(5.825, -8.635)"
17,PPAC,18,4.202176,197,10.907775999999998,"(-4.019, -1.229)","(-10.431, -3.189)"
18,PPAC,19,5.81152,309,10.907775999999998,"(3.657, -4.516)","(6.864, -8.477)"
19,PPAC,20,4.112768,327,11.488928,"(3.449, -2.24)","(9.635, -6.257)"
20,PPAC,21,1.609344,119,5.588,"(-0.78, 1.408)","(-2.709, 4.887)"
21,PPAC,22,4.91744,247,10.907775999999998,"(-1.921, -4.527)","(-4.262, -10.041)"
22,PPAC,23,3.308096,9,10.684256,"(3.267, 0.518)","(10.553, 1.671)"
23,PPAC,24,4.380992,288,10.907775999999998,"(1.354, -4.167)","(3.371, -10.374)"
24,PPAC,25,3.889248,289,7.5102720000000005,"(1.266, -3.677)","(2.445, -7.101)"
25,PPAC,26,2.8163519999999997,219,6.392672,"(-2.189, -1.772)","(-4.968, -4.023)"
26,PPAC,27,4.112768,241,10.907775999999998,"(-1.994, -3.597)","(-5.288, -9.54)"
27,PPAC,28,2.68224,49,7.197344,"(1.76, 2.024)","(4.722, 5.432)"
28,PPAC,29,2.503424,195,5.588,"(-2.418, -0.648)","(-5.398, -1.446)"
29,PPAC,30,1.296416,46,4.291583999999999,"(0.901, 0.933)","(2.981, 3.087)"
30,PPAC,31,2.995168,142,8.314944,"(-2.36, 1.844)","(-6.552, 5.119)"
31,PPAC,32,3.308096,185,8.002016,"(-3.296, -0.288)","(-7.972, -0.697)"
32,PPAC,33,0.804672,18,8.002016,"(0.765, 0.249)","(7.61, 2.473)"
33,PPAC,34,5.498592,30,10.907775999999998,"(4.762, 2.749)","(9.446, 5.454)"
34,PPAC,35,3.084576,284,9.298432,"(0.746, -2.993)","(2.249, -9.022)"
35,PPAC,36,3.79984,219,8.314944,"(-2.953, -2.391)","(-6.462, -5.233)"
36,PPAC,37,3.486912,199,9.119615999999999,"(-3.297, -1.135)","(-8.623, -2.969)"
37,PPAC,38,3.7104320000000004,267,9.119615999999999,"(-0.194, -3.705)","(-0.477, -9.107)"
38,PPAC,39,3.218688,173,8.002016,"(-3.195, 0.392)","(-7.942, 0.975)"
39,PPAC,40,3.978656,243,11.980672,"(-1.806, -3.545)","(-5.439, -10.675)"
40,PPAC,41,4.69392,259,11.220704000000001,"(-0.896, -4.608)","(-2.141, -11.015)"
41,PPAC,42,5.498592,248,15.19936,"(-2.06, -5.098)","(-5.694, -14.093)"
42,PPAC,43,4.91744,323,10.907775999999998,"(3.927, -2.959)","(8.711, -6.564)"
43,PPAC,44,2.90576,291,7.689088,"(1.041, -2.713)","(2.756, -7.178)"
44,PPAC,45,2.592832,217,6.392672,"(-2.071, -1.56)","(-5.105, -3.847)"
45,PPAC,46,4.112768,131,11.488928,"(-2.698, 3.104)","(-7.537, 8.671)"
46,PPAC,47,6.3032639999999995,204,16.004032,"(-5.758, -2.564)","(-14.62, -6.509)"
47,PPAC,48,7.420864000000001,359,15.19936,"(7.42, -0.13)","(15.197, -0.265)"
48,PPAC,49,5.9009279999999995,243,16.495776,"(-2.679, -5.258)","(-7.489, -14.698)"
49,PPAC,50,5.498592,290,14.886432,"(1.881, -5.167)","(5.091, -13.989)"
50,PPAC,51,5.185664,208,13.321792,"(-4.579, -2.435)","(-11.762, -6.254)"
51,PPAC,52,2.414016,154,6.392672,"(-2.17, 1.058)","(-5.746, 2.802)"
52,PPAC,53,4.69392,279,14.886432,"(0.734, -4.636)","(2.329, -14.703)"
53,PPAC,54,4.783328,335,10.907775999999998,"(4.335, -2.022)","(9.886, -4.61)"
54,PPAC,55,4.291583999999999,76,9.298432,"(1.038, 4.164)","(2.249, 9.022)"
55,PPAC,56,2.503424,341,8.002016,"(2.367, -0.815)","(7.566, -2.605)"
56,PPAC,57,3.7104320000000004,242,9.298432,"(-1.742, -3.276)","(-4.365, -8.21)"
57,PPAC,58,3.308096,285,9.298432,"(0.856, -3.195)","(2.407, -8.982)"
58,PPAC,59,3.621024,186,12.2936,"(-3.601, -0.379)","(-12.226, -1.285)"
59,PPAC,60,2.2799039999999997,314,6.079744,"(1.584, -1.64)","(4.223, -4.373)"
60,PPAC,61,2.592832,339,10.684256,"(2.421, -0.929)","(9.975, -3.829)"
61,PPAC,62,3.978656,20,8.806688,"(3.739, 1.361)","(8.276, 3.012)"
62,PPAC,63,3.308096,106,6.884416,"(-0.912, 3.18)","(-1.898, 6.618)"
63,PPAC,64,5.409184,183,15.512288000000002,"(-5.402, -0.283)","(-15.491, -0.812)"
64,PPAC,65,5.990336,262,18.10512,"(-0.834, -5.932)","(-2.52, -17.929)"
65,PPAC,66,4.91744,330,12.2936,"(4.259, -2.459)","(10.647, -6.147)"
66,PPAC,67,2.592832,224,7.5102720000000005,"(-1.865, -1.801)","(-5.402, -5.217)"
67,PPAC,68,2.503424,282,10.416032,"(0.52, -2.449)","(2.166, -10.188)"
68,PPAC,69,3.084576,1,7.5102720000000005,"(3.084, 0.054)","(7.509, 0.131)"
69,PPAC,70,3.7104320000000004,282,12.2936,"(0.771, -3.629)","(2.556, -12.025)"
70,PPAC,71,5.185664,300,11.220704000000001,"(2.593, -4.491)","(5.61, -9.717)"
71,PPAC,72,4.380992,229,11.712448,"(-2.874, -3.306)","(-7.684, -8.839)"
72,PPAC,73,3.3975039999999996,210,10.103104,"(-2.942, -1.699)","(-8.75, -5.052)"
73,PPAC,74,1.609344,344,5.588,"(1.547, -0.444)","(5.372, -1.54)"
74,PPAC,75,2.2799039999999997,201,10.103104,"(-2.128, -0.817)","(-9.432, -3.621)"
75,PPAC,76,2.101088,269,6.392672,"(-0.037, -2.101)","(-0.112, -6.392)"
76,PPAC,77,2.68224,50,6.884416,"(1.724, 2.055)","(4.425, 5.274)"
77,PPAC,78,4.202176,314,11.488928,"(2.919, -3.023)","(7.981, -8.264)"
78,PPAC,79,1.922272,237,6.392672,"(-1.047, -1.612)","(-3.482, -5.361)"
79,PPAC,80,3.308096,195,11.712448,"(-3.195, -0.856)","(-11.313, -3.031)"
80,PPAC,81,5.81152,119,14.886432,"(-2.817, 5.083)","(-7.217, 13.02)"
81,PPAC,82,5.185664,183,15.512288000000002,"(-5.179, -0.271)","(-15.491, -0.812)"
82,PPAC,83,4.91744,232,12.2936,"(-3.027, -3.875)","(-7.569, -9.687)"
83,PPAC,84,5.722112,288,20.295616,"(1.768, -5.442)","(6.272, -19.302)"
84,PPAC,85,6.48208,328,12.51712,"(5.497, -3.435)","(10.615, -6.633)"
85,PPAC,86,4.783328,343,12.2936,"(4.574, -1.399)","(11.756, -3.594)"
86,PPAC,87,3.084576,359,10.907775999999998,"(3.084, -0.054)","(10.906, -0.19)"
87,PPAC,88,5.319776,117,11.488928,"(-2.415, 4.74)","(-5.216, 10.237)"
88,PPAC,89,3.7104320000000004,153,9.879584000000001,"(-3.306, 1.685)","(-8.803, 4.485)"
89,PPAC,90,4.380992,269,14.707616,"(-0.076, -4.38)","(-0.257, -14.705)"
90,PPAC,91,3.3975039999999996,336,9.298432,"(3.104, -1.382)","(8.495, -3.782)"
91,PPAC,92,3.621024,229,12.785344,"(-2.376, -2.733)","(-8.388, -9.649)"
92,PPAC,93,1.922272,185,5.096256,"(-1.915, -0.168)","(-5.077, -0.444)"
93,PPAC,94,3.79984,223,11.980672,"(-2.779, -2.591)","(-8.762, -8.171)"
94,PPAC,95,3.218688,126,8.002016,"(-1.892, 2.604)","(-4.703, 6.474)"
95,PPAC,96,5.006848,236,14.08176,"(-2.8, -4.151)","(-7.874, -11.674)"
96,PPAC,97,5.588,245,13.590015999999999,"(-2.362, -5.064)","(-5.743, -12.317)"
97,PPAC,98,3.79984,302,8.314944,"(2.014, -3.222)","(4.406, -7.051)"
98,PPAC,99,2.90576,333,10.684256,"(2.589, -1.319)","(9.52, -4.851)"
99,PPAC,100,4.112768,145,12.51712,"(-3.369, 2.359)","(-10.253, 7.18)"
100,PPAC,101,2.68224,234,8.002016,"(-1.577, -2.17)","(-4.703, -6.474)"
101,PPAC,102,4.291583999999999,143,11.712448,"(-3.427, 2.583)","(-9.354, 7.049)"
102,PPAC,103,4.91744,213,13.321792,"(-4.124, -2.678)","(-11.173, -7.256)"
103,PPAC,104,7.197344,253,21.90496,"(-2.104, -6.883)","(-6.404, -20.948)"
104,PPAC,105,3.978656,274,12.2936,"(0.278, -3.969)","(0.858, -12.264)"
105,PPAC,106,3.621024,339,9.879584000000001,"(3.381, -1.298)","(9.223, -3.541)"
106,PPAC,107,2.592832,76,7.689088,"(0.627, 2.516)","(1.86, 7.461)"
107,PPAC,108,4.515104,300,13.321792,"(2.258, -3.91)","(6.661, -11.537)"
108,PPAC,109,4.380992,338,11.220704000000001,"(4.062, -1.641)","(10.404, -4.203)"
109,PPAC,110,4.91744,145,16.004032,"(-4.028, 2.821)","(-13.11, 9.18)"
110,PPAC,111,4.112768,255,14.08176,"(-1.064, -3.973)","(-3.645, -13.602)"
111,PPAC,112,3.889248,104,9.298432,"(-0.941, 3.774)","(-2.249, 9.022)"
112,PPAC,113,5.006848,173,14.08176,"(-4.97, 0.61)","(-13.977, 1.716)"
113,PPAC,114,5.81152,219,18.686272,"(-4.516, -3.657)","(-14.522, -11.76)"
114,PPAC,115,4.91744,283,11.488928,"(1.106, -4.791)","(2.584, -11.194)"
115,PPAC,116,4.291583999999999,306,10.416032,"(2.523, -3.472)","(6.122, -8.427)"
116,PPAC,117,3.084576,12,8.314944,"(3.017, 0.641)","(8.133, 1.729)"
117,PPAC,118,4.202176,112,9.119615999999999,"(-1.574, 3.896)","(-3.416, 8.456)"
118,PPAC,119,4.91744,112,10.907775999999998,"(-1.842, 4.559)","(-4.086, 10.114)"
119,PPAC,120,5.588,122,12.51712,"(-2.961, 4.739)","(-6.633, 10.615)"
120,PPAC,121,4.380992,243,11.220704000000001,"(-1.989, -3.903)","(-5.094, -9.998)"
121,PPAC,122,3.084576,275,8.49376,"(0.269, -3.073)","(0.74, -8.461)"
122,PPAC,123,4.783328,29,11.220704000000001,"(4.184, 2.319)","(9.814, 5.44)"
123,PPAC,124,3.621024,2,8.002016,"(3.619, 0.126)","(7.997, 0.279)"
124,PPAC,125,2.90576,83,8.002016,"(0.354, 2.884)","(0.975, 7.942)"
125,PPAC,126,4.783328,54,11.712448,"(2.812, 3.87)","(6.884, 9.476)"
126,PPAC,127,3.7104320000000004,22,9.61136,"(3.44, 1.39)","(8.911, 3.6)"
127,PPAC,128,4.112768,122,11.980672,"(-2.179, 3.488)","(-6.349, 10.16)"
128,PPAC,129,5.588,146,14.707616,"(-4.633, 3.125)","(-12.193, 8.224)"
129,PPAC,130,3.308096,172,8.314944,"(-3.276, 0.46)","(-8.234, 1.157)"
130,PPAC,131,2.68224,145,8.314944,"(-2.197, 1.538)","(-6.811, 4.769)"
131,PPAC,132,3.084576,140,8.806688,"(-2.363, 1.983)","(-6.746, 5.661)"
132,PPAC,133,2.68224,155,8.314944,"(-2.431, 1.134)","(-7.536, 3.514)"
133,PPAC,134,2.101088,356,6.884416,"(2.096, -0.147)","(6.868, -0.48)"
134,PPAC,135,2.414016,327,8.806688,"(2.025, -1.315)","(7.386, -4.796)"
135,PPAC,136,3.3975039999999996,304,10.416032,"(1.9, -2.817)","(5.825, -8.635)"
136,PPAC,137,2.592832,26,7.689088,"(2.33, 1.137)","(6.911, 3.371)"
137,PPAC,138,2.592832,102,6.7056,"(-0.539, 2.536)","(-1.394, 6.559)"
138,PPAC,139,3.084576,183,9.298432,"(-3.08, -0.161)","(-9.286, -0.487)"
139,PPAC,140,5.006848,215,14.886432,"(-4.101, -2.872)","(-12.194, -8.539)"
140,PPAC,141,2.995168,353,18.10512,"(2.973, -0.365)","(17.97, -2.206)"
141,PPAC,142,2.995168,352,10.684256,"(2.966, -0.417)","(10.58, -1.487)"
142,PPAC,143,3.486912,33,10.103104,"(2.924, 1.899)","(8.473, 5.503)"
143,PPAC,144,3.621024,95,8.49376,"(-0.316, 3.607)","(-0.74, 8.461)"
144,PPAC,145,4.202176,144,14.08176,"(-3.4, 2.47)","(-11.392, 8.277)"
145,PPAC,146,3.308096,177,8.002016,"(-3.304, 0.173)","(-7.991, 0.419)"
146,PPAC,147,4.202176,333,12.785344,"(3.744, -1.908)","(11.392, -5.804)"
147,PPAC,148,1.922272,183,5.9009279999999995,"(-1.92, -0.101)","(-5.893, -0.309)"
148,PPAC,149,4.202176,172,11.220704000000001,"(-4.161, 0.585)","(-11.112, 1.562)"
149,PPAC,150,4.783328,190,13.321792,"(-4.711, -0.831)","(-13.119, -2.313)"
150,PPAC,151,4.69392,213,12.51712,"(-3.937, -2.556)","(-10.498, -6.817)"
151,PPAC,152,2.503424,355,8.806688,"(2.494, -0.218)","(8.773, -0.768)"
152,PPAC,153,2.2799039999999997,337,9.61136,"(2.099, -0.891)","(8.847, -3.755)"
153,PPAC,154,3.218688,306,13.902944,"(1.892, -2.604)","(8.172, -11.248)"
154,PPAC,155,2.190496,57,8.806688,"(1.193, 1.837)","(4.796, 7.386)"
155,PPAC,156,2.414016,140,7.689088,"(-1.849, 1.552)","(-5.89, 4.942)"
156,PPAC,157,2.190496,222,12.785344,"(-1.628, -1.466)","(-9.501, -8.555)"
157,PPAC,158,3.308096,353,8.314944,"(3.283, -0.403)","(8.253, -1.013)"
158,PPAC,159,3.218688,46,14.707616,"(2.236, 2.315)","(10.217, 10.58)"
159,PPAC,160,2.68224,300,9.61136,"(1.341, -2.323)","(4.806, -8.324)"
160,PPAC,161,2.190496,272,9.119615999999999,"(0.076, -2.189)","(0.318, -9.114)"
161,PPAC,162,2.101088,190,6.884416,"(-2.069, -0.365)","(-6.78, -1.195)"
162,PPAC,163,2.101088,13,7.197344,"(2.047, 0.473)","(7.013, 1.619)"
163,PPAC,164,2.8163519999999997,138,17.613376,"(-2.093, 1.885)","(-13.089, 11.786)"
164,PPAC,165,2.995168,197,8.002016,"(-2.864, -0.876)","(-7.652, -2.34)"
165,PPAC,166,3.978656,205,11.220704000000001,"(-3.606, -1.681)","(-10.169, -4.742)"
166,PPAC,167,4.604512000000001,266,13.902944,"(-0.321, -4.593)","(-0.97, -13.869)"
167,PPAC,168,3.308096,347,9.298432,"(3.223, -0.744)","(9.06, -2.092)"
168,PPAC,169,3.308096,360,10.103104,"(3.308, -0.0)","(10.103, -0.0)"
169,PPAC,170,1.78816,177,6.7056,"(-1.786, 0.094)","(-6.696, 0.351)"
170,PPAC,171,2.8163519999999997,215,9.119615999999999,"(-2.307, -1.615)","(-7.47, -5.231)"
171,PPAC,172,3.621024,239,10.416032,"(-1.865, -3.104)","(-5.365, -8.928)"
172,PPAC,173,2.90576,342,7.689088,"(2.764, -0.898)","(7.313, -2.376)"
173,PPAC,174,1.922272,23,7.5102720000000005,"(1.769, 0.751)","(6.913, 2.934)"
174,PPAC,175,1.296416,98,5.588,"(-0.18, 1.284)","(-0.778, 5.534)"
175,PPAC,176,1.922272,175,12.51712,"(-1.915, 0.168)","(-12.469, 1.091)"
176,PPAC,177,3.084576,327,9.61136,"(2.587, -1.68)","(8.061, -5.235)"
177,PPAC,178,2.8163519999999997,344,10.684256,"(2.707, -0.776)","(10.27, -2.945)"
178,PPAC,179,2.101088,218,8.806688,"(-1.656, -1.294)","(-6.94, -5.422)"
179,PPAC,180,2.68224,238,7.689088,"(-1.421, -2.275)","(-4.075, -6.521)"
180,PPAC,181,3.084576,210,8.806688,"(-2.671, -1.542)","(-7.627, -4.403)"
181,PPAC,182,2.101088,272,9.61136,"(0.073, -2.1)","(0.335, -9.606)"
182,PPAC,183,1.519936,351,6.079744,"(1.501, -0.238)","(6.005, -0.951)"
183,PPAC,184,1.609344,25,6.079744,"(1.459, 0.68)","(5.51, 2.569)"
184,PPAC,185,2.503424,175,8.806688,"(-2.494, 0.218)","(-8.773, 0.768)"
185,PPAC,186,2.995168,264,21.90496,"(-0.313, -2.979)","(-2.29, -21.785)"
186,PPAC,187,2.8163519999999997,8,8.49376,"(2.789, 0.392)","(8.411, 1.182)"
187,PPAC,188,1.922272,113,6.079744,"(-0.751, 1.769)","(-2.376, 5.596)"
188,PPAC,189,2.2799039999999997,104,6.884416,"(-0.552, 2.212)","(-1.665, 6.68)"
189,PPAC,190,2.90576,35,8.49376,"(2.38, 1.667)","(6.958, 4.872)"
190,PPAC,191,1.296416,150,5.319776,"(-1.123, 0.648)","(-4.607, 2.66)"
191,PPAC,192,3.218688,237,9.298432,"(-1.753, -2.699)","(-5.064, -7.798)"
192,PPAC,193,2.68224,325,9.879584000000001,"(2.197, -1.538)","(8.093, -5.667)"
193,PPAC,194,2.68224,332,8.314944,"(2.368, -1.259)","(7.342, -3.904)"
194,PPAC,195,1.922272,342,7.5102720000000005,"(1.828, -0.594)","(7.143, -2.321)"
195,PPAC,196,1.609344,177,7.5102720000000005,"(-1.607, 0.084)","(-7.5, 0.393)"
196,PPAC,197,2.2799039999999997,76,6.079744,"(0.552, 2.212)","(1.471, 5.899)"
197,PPAC,198,1.6987519999999998,20,9.298432,"(1.596, 0.581)","(8.738, 3.18)"
198,PPAC,199,1.78816,340,6.079744,"(1.68, -0.612)","(5.713, -2.079)"
199,PPAC,200,2.503424,211,8.314944,"(-2.146, -1.289)","(-7.127, -4.283)"
200,PPAC,201,4.112768,251,13.321792,"(-1.339, -3.889)","(-4.337, -12.596)"
201,PPAC,202,2.995168,255,9.119615999999999,"(-0.775, -2.893)","(-2.36, -8.809)"
202,PPAC,203,1.78816,242,5.319776,"(-0.839, -1.579)","(-2.497, -4.697)"
203,PPAC,204,3.3975039999999996,184,12.51712,"(-3.389, -0.237)","(-12.487, -0.873)"
204,PPAC,205,2.995168,231,10.684256,"(-1.885, -2.328)","(-6.724, -8.303)"
205,PPAC,206,1.609344,36,5.588,"(1.302, 0.946)","(4.521, 3.285)"
206,PPAC,207,1.296416,135,5.588,"(-0.917, 0.917)","(-3.951, 3.951)"
207,PPAC,208,1.922272,246,8.806688,"(-0.782, -1.756)","(-3.582, -8.045)"
208,PPAC,209,1.922272,260,6.884416,"(-0.334, -1.893)","(-1.195, -6.78)"
209,PPAC,210,1.385824,305,5.319776,"(0.795, -1.135)","(3.051, -4.358)"
210,PPAC,211,0.983488,199,4.515104,"(-0.93, -0.32)","(-4.269, -1.47)"
211,PPAC,212,1.6987519999999998,194,6.884416,"(-1.648, -0.411)","(-6.68, -1.665)"
212,PPAC,213,2.90576,254,8.49376,"(-0.801, -2.793)","(-2.341, -8.165)"
213,PPAC,214,1.6987519999999998,191,6.392672,"(-1.668, -0.324)","(-6.275, -1.22)"
214,PPAC,215,3.308096,212,14.886432,"(-2.805, -1.753)","(-12.624, -7.889)"
215,PPAC,216,2.190496,238,5.319776,"(-1.161, -1.858)","(-2.819, -4.511)"
216,PPAC,217,1.207008,142,4.515104,"(-0.951, 0.743)","(-3.558, 2.78)"
217,PPAC,218,1.922272,180,6.079744,"(-1.922, 0.0)","(-6.08, 0.0)"
218,PPAC,219,1.922272,210,9.119615999999999,"(-1.665, -0.961)","(-7.898, -4.56)"
219,PPAC,220,3.308096,272,11.712448,"(0.115, -3.306)","(0.409, -11.705)"
220,PPAC,221,2.101088,11,6.884416,"(2.062, 0.401)","(6.758, 1.314)"
221,PPAC,222,1.296416,353,5.9009279999999995,"(1.287, -0.158)","(5.857, -0.719)"
222,PPAC,223,2.503424,17,9.119615999999999,"(2.394, 0.732)","(8.721, 2.666)"
223,PPAC,224,1.1176,80,4.515104,"(0.194, 1.101)","(0.784, 4.447)"
224,PPAC,225,2.503424,163,7.689088,"(-2.394, 0.732)","(-7.353, 2.248)"
225,PPAC,226,2.414016,83,6.079744,"(0.294, 2.396)","(0.741, 6.034)"
226,PPAC,227,2.592832,21,8.806688,"(2.421, 0.929)","(8.222, 3.156)"
227,PPAC,228,2.101088,27,8.314944,"(1.872, 0.954)","(7.409, 3.775)"
228,PPAC,229,1.385824,23,7.197344,"(1.276, 0.541)","(6.625, 2.812)"
229,PPAC,230,0.983488,229,6.079744,"(-0.645, -0.742)","(-3.989, -4.588)"
230,PPAC,231,1.922272,193,7.5102720000000005,"(-1.873, -0.432)","(-7.318, -1.689)"
231,PPAC,232,1.609344,170,5.9009279999999995,"(-1.585, 0.279)","(-5.811, 1.025)"
232,PPAC,233,2.2799039999999997,5,7.689088,"(2.271, 0.199)","(7.66, 0.67)"
233,PPAC,234,2.190496,352,7.5102720000000005,"(2.169, -0.305)","(7.437, -1.045)"
234,PPAC,235,1.207008,346,5.9009279999999995,"(1.171, -0.292)","(5.726, -1.428)"
235,PPAC,236,0.804672,25,4.291583999999999,"(0.729, 0.34)","(3.889, 1.814)"
236,PPAC,237,1.519936,218,6.7056,"(-1.198, -0.936)","(-5.284, -4.128)"
237,PPAC,238,2.101088,1,8.002016,"(2.101, 0.037)","(8.001, 0.14)"
238,PPAC,239,1.385824,122,4.515104,"(-0.734, 1.175)","(-2.393, 3.829)"
239,PPAC,240,2.995168,178,11.980672,"(-2.993, 0.105)","(-11.973, 0.418)"
240,PPAC,241,3.218688,206,18.10512,"(-2.893, -1.411)","(-16.273, -7.937)"
241,PPAC,242,2.995168,295,8.806688,"(1.266, -2.715)","(3.722, -7.982)"
242,PPAC,243,2.01168,285,8.806688,"(0.521, -1.943)","(2.279, -8.507)"
243,PPAC,244,1.519936,235,5.9009279999999995,"(-0.872, -1.245)","(-3.385, -4.834)"
244,PPAC,245,1.609344,180,6.884416,"(-1.609, 0.0)","(-6.884, 0.0)"
245,PPAC,246,1.296416,226,5.319776,"(-0.901, -0.933)","(-3.695, -3.827)"
246,PPAC,247,2.414016,38,5.9009279999999995,"(1.902, 1.486)","(4.65, 3.633)"
247,PPAC,248,2.101088,26,6.392672,"(1.888, 0.921)","(5.746, 2.802)"
248,PPAC,249,1.609344,38,6.079744,"(1.268, 0.991)","(4.791, 3.743)"
249,PPAC,250,1.6987519999999998,360,8.314944,"(1.699, -0.0)","(8.315, -0.0)"
250,PPAC,251,0.89408,136,4.783328,"(-0.643, 0.621)","(-3.441, 3.323)"
251,PPAC,252,1.519936,161,7.5102720000000005,"(-1.437, 0.495)","(-7.101, 2.445)"
252,PPAC,253,1.207008,218,7.197344,"(-0.951, -0.743)","(-5.672, -4.431)"
253,PPAC,254,2.995168,239,9.879584000000001,"(-1.543, -2.567)","(-5.088, -8.468)"
254,PPAC,255,2.8163519999999997,248,10.684256,"(-1.055, -2.611)","(-4.002, -9.906)"
255,PPAC,256,1.519936,296,7.197344,"(0.666, -1.366)","(3.155, -6.469)"
256,PPAC,257,1.1176,340,6.079744,"(1.05, -0.382)","(5.713, -2.079)"
257,PPAC,258,0.491744,182,5.096256,"(-0.491, -0.017)","(-5.093, -0.178)"
258,PPAC,259,0.983488,189,5.9009279999999995,"(-0.971, -0.154)","(-5.828, -0.923)"
259,PPAC,260,1.609344,204,10.416032,"(-1.47, -0.655)","(-9.516, -4.237)"
260,PPAC,261,1.922272,212,9.119615999999999,"(-1.63, -1.019)","(-7.734, -4.833)"
261,PPAC,262,1.922272,347,6.7056,"(1.873, -0.432)","(6.534, -1.508)"
262,PPAC,263,2.2799039999999997,161,9.298432,"(-2.156, 0.742)","(-8.792, 3.027)"
263,PPAC,264,1.922272,304,9.879584000000001,"(1.075, -1.594)","(5.525, -8.191)"
264,PPAC,265,2.01168,349,11.712448,"(1.975, -0.384)","(11.497, -2.235)"
265,PPAC,266,0.804672,133,3.218688,"(-0.549, 0.588)","(-2.195, 2.354)"
266,PPAC,267,0.89408,214,1.296416,"(-0.741, -0.5)","(-1.075, -0.725)"
267,PPAC,268,0.983488,285,6.392672,"(0.255, -0.95)","(1.655, -6.175)"
268,PPAC,269,0.983488,298,4.515104,"(0.462, -0.868)","(2.12, -3.987)"
269,PPAC,270,3.978656,325,12.785344,"(3.259, -2.282)","(10.473, -7.333)"
270,PPAC,271,2.190496,12,9.119615999999999,"(2.143, 0.455)","(8.92, 1.896)"
271,PPAC,272,1.1176,81,5.096256,"(0.175, 1.104)","(0.797, 5.034)"
272,PPAC,273,1.609344,44,6.7056,"(1.158, 1.118)","(4.824, 4.658)"
273,PPAC,274,2.503424,13,9.119615999999999,"(2.439, 0.563)","(8.886, 2.051)"
274,PPAC,275,2.90576,25,9.119615999999999,"(2.634, 1.228)","(8.265, 3.854)"
275,PPAC,276,1.296416,36,5.588,"(1.049, 0.762)","(4.521, 3.285)"
276,PPAC,277,0.89408,330,5.096256,"(0.774, -0.447)","(4.413, -2.548)"
277,PPAC,278,1.1176,260,5.9009279999999995,"(-0.194, -1.101)","(-1.025, -5.811)"
278,PPAC,279,3.084576,323,11.980672,"(2.463, -1.856)","(9.568, -7.21)"
279,PPAC,280,3.308096,15,11.488928,"(3.195, 0.856)","(11.097, 2.974)"
280,PPAC,281,3.084576,269,10.416032,"(-0.054, -3.084)","(-0.182, -10.414)"
281,PPAC,282,2.503424,252,10.416032,"(-0.774, -2.381)","(-3.219, -9.906)"
282,PPAC,283,1.6987519999999998,217,9.119615999999999,"(-1.357, -1.022)","(-7.283, -5.488)"
283,PPAC,284,3.486912,184,12.2936,"(-3.478, -0.243)","(-12.264, -0.858)"
284,PPAC,285,4.112768,220,14.707616,"(-3.151, -2.644)","(-11.267, -9.454)"
285,PPAC,286,4.291583999999999,260,15.512288000000002,"(-0.745, -4.226)","(-2.694, -15.277)"
286,PPAC,287,3.7104320000000004,230,14.707616,"(-2.385, -2.842)","(-9.454, -11.267)"
287,PPAC,288,3.3975039999999996,248,9.298432,"(-1.273, -3.15)","(-3.483, -8.621)"
288,PPAC,289,3.889248,298,10.907775999999998,"(1.826, -3.434)","(5.121, -9.631)"
289,PPAC,290,7.018528,303,13.321792,"(3.823, -5.886)","(7.256, -11.173)"
290,PPAC,291,5.81152,323,11.712448,"(4.641, -3.497)","(9.354, -7.049)"
291,PPAC,292,4.604512000000001,291,10.684256,"(1.65, -4.299)","(3.829, -9.975)"
292,PPAC,293,2.8163519999999997,230,9.298432,"(-1.81, -2.157)","(-5.977, -7.123)"
293,PPAC,294,3.621024,199,11.980672,"(-3.424, -1.179)","(-11.328, -3.901)"
294,PPAC,295,3.621024,177,10.103104,"(-3.616, 0.19)","(-10.089, 0.529)"
295,PPAC,296,4.604512000000001,165,12.51712,"(-4.448, 1.192)","(-12.091, 3.24)"
296,PPAC,297,4.380992,167,10.416032,"(-4.269, 0.986)","(-10.149, 2.343)"
297,PPAC,298,2.995168,138,11.220704000000001,"(-2.226, 2.004)","(-8.339, 7.508)"
298,PPAC,299,4.202176,345,11.980672,"(4.059, -1.088)","(11.572, -3.101)"
299,PPAC,300,2.101088,89,6.7056,"(0.037, 2.101)","(0.117, 6.705)"
300,PPAC,301,1.6987519999999998,79,4.783328,"(0.324, 1.668)","(0.913, 4.695)"
301,PPAC,302,1.296416,107,5.9009279999999995,"(-0.379, 1.24)","(-1.725, 5.643)"
302,PPAC,303,1.78816,103,5.9009279999999995,"(-0.402, 1.742)","(-1.327, 5.75)"
303,PPAC,304,1.609344,337,5.588,"(1.481, -0.629)","(5.144, -2.183)"
304,PPAC,305,1.6987519999999998,226,6.7056,"(-1.18, -1.222)","(-4.658, -4.824)"
305,PPAC,306,2.190496,151,6.884416,"(-1.916, 1.062)","(-6.021, 3.338)"
306,PPAC,307,3.218688,178,10.684256,"(-3.217, 0.112)","(-10.678, 0.373)"
307,PPAC,308,4.112768,182,12.2936,"(-4.11, -0.144)","(-12.286, -0.429)"
308,PPAC,309,6.392672,202,17.300448,"(-5.927, -2.395)","(-16.041, -6.481)"
309,PPAC,310,3.3975039999999996,213,12.2936,"(-2.849, -1.85)","(-10.31, -6.696)"
310,PPAC,311,2.90576,353,8.314944,"(2.884, -0.354)","(8.253, -1.013)"
311,PPAC,312,3.889248,99,8.49376,"(-0.608, 3.841)","(-1.329, 8.389)"
312,PPAC,313,2.68224,156,7.197344,"(-2.45, 1.091)","(-6.575, 2.927)"
313,PPAC,314,3.486912,186,11.712448,"(-3.468, -0.364)","(-11.648, -1.224)"
314,PPAC,315,3.621024,327,9.61136,"(3.037, -1.972)","(8.061, -5.235)"
315,PPAC,316,5.409184,291,10.416032,"(1.938, -5.05)","(3.733, -9.724)"
316,PPAC,317,3.621024,307,10.416032,"(2.179, -2.892)","(6.269, -8.319)"
317,PPAC,318,2.01168,124,6.7056,"(-1.125, 1.668)","(-3.75, 5.559)"
318,PPAC,319,2.90576,69,7.5102720000000005,"(1.041, 2.713)","(2.691, 7.011)"
319,PPAC,320,3.3975039999999996,267,10.684256,"(-0.178, -3.393)","(-0.559, -10.67)"
320,PPAC,321,5.185664,259,10.416032,"(-0.989, -5.09)","(-1.987, -10.225)"
321,PPAC,322,6.3032639999999995,268,12.2936,"(-0.22, -6.299)","(-0.429, -12.286)"
322,PPAC,323,6.616192,262,15.19936,"(-0.921, -6.552)","(-2.115, -15.051)"
323,PPAC,324,3.889248,241,8.49376,"(-1.886, -3.402)","(-4.118, -7.429)"
324,PPAC,325,3.79984,231,10.907775999999998,"(-2.391, -2.953)","(-6.864, -8.477)"
325,PPAC,326,1.922272,227,8.49376,"(-1.311, -1.406)","(-5.793, -6.212)"
326,PPAC,327,2.01168,197,7.689088,"(-1.924, -0.588)","(-7.353, -2.248)"
327,PPAC,328,2.190496,221,6.392672,"(-1.653, -1.437)","(-4.825, -4.194)"
328,PPAC,329,3.084576,305,9.119615999999999,"(1.769, -2.527)","(5.231, -7.47)"
329,PPAC,330,2.2799039999999997,194,8.49376,"(-2.212, -0.552)","(-8.241, -2.055)"
330,PPAC,331,4.69392,10,12.51712,"(4.623, 0.815)","(12.327, 2.174)"
331,PPAC,332,2.01168,198,6.392672,"(-1.913, -0.622)","(-6.08, -1.975)"
332,PPAC,333,5.319776,181,13.902944,"(-5.319, -0.093)","(-13.901, -0.243)"
333,PPAC,334,8.180832,280,15.19936,"(1.421, -8.057)","(2.639, -14.968)"
334,PPAC,335,3.486912,203,9.119615999999999,"(-3.21, -1.362)","(-8.395, -3.563)"
335,PPAC,336,5.319776,196,16.495776,"(-5.114, -1.466)","(-15.857, -4.547)"
336,PPAC,337,5.722112,286,17.121631999999998,"(1.577, -5.5)","(4.719, -16.458)"
337,PPAC,338,3.084576,220,9.61136,"(-2.363, -1.983)","(-7.363, -6.178)"
338,PPAC,339,2.101088,179,5.588,"(-2.101, 0.037)","(-5.587, 0.098)"
339,PPAC,340,1.207008,64,4.291583999999999,"(0.529, 1.085)","(1.881, 3.857)"
340,PPAC,341,1.519936,328,4.783328,"(1.289, -0.805)","(4.056, -2.535)"
341,PPAC,342,2.2799039999999997,51,5.9009279999999995,"(1.435, 1.772)","(3.714, 4.586)"
342,PPAC,343,4.783328,95,10.103104,"(-0.417, 4.765)","(-0.881, 10.065)"
343,PPAC,344,2.503424,107,6.392672,"(-0.732, 2.394)","(-1.869, 6.113)"
344,PPAC,345,1.78816,303,5.319776,"(0.974, -1.5)","(2.897, -4.462)"
345,PPAC,346,2.2799039999999997,102,6.7056,"(-0.474, 2.23)","(-1.394, 6.559)"
346,PPAC,347,5.319776,114,12.2936,"(-2.164, 4.86)","(-5.0, 11.231)"
347,PPAC,348,6.795007999999999,107,12.785344,"(-1.987, 6.498)","(-3.738, 12.227)"
348,PPAC,349,3.486912,219,10.907775999999998,"(-2.71, -2.194)","(-8.477, -6.864)"
349,PPAC,350,4.291583999999999,233,10.684256,"(-2.583, -3.427)","(-6.43, -8.533)"
350,PPAC,351,5.498592,258,11.712448,"(-1.143, -5.378)","(-2.435, -11.457)"
351,PPAC,352,4.783328,264,10.103104,"(-0.5, -4.757)","(-1.056, -10.048)"
352,PPAC,353,1.922272,179,5.588,"(-1.922, 0.034)","(-5.587, 0.098)"
353,PPAC,354,1.922272,325,5.319776,"(1.575, -1.103)","(4.358, -3.051)"
354,PPAC,355,2.592832,83,5.319776,"(0.316, 2.574)","(0.648, 5.28)"
355,PPAC,356,4.112768,306,13.590015999999999,"(2.417, -3.327)","(7.988, -10.995)"
356,PPAC,357,10.594847999999999,281,19.714464,"(2.022, -10.4)","(3.762, -19.352)"
357,PPAC,358,8.180832,278,14.707616,"(1.139, -8.101)","(2.047, -14.564)"
358,PPAC,359,4.69392,265,12.785344,"(-0.409, -4.676)","(-1.114, -12.737)"
359,PPAC,360,1.609344,201,4.783328,"(-1.502, -0.577)","(-4.466, -1.714)"
360,PPAC,361,3.79984,203,10.907775999999998,"(-3.498, -1.485)","(-10.041, -4.262)"
361,PPAC,362,4.69392,184,11.488928,"(-4.682, -0.327)","(-11.461, -0.801)"
362,PPAC,363,5.409184,198,12.2936,"(-5.144, -1.672)","(-11.692, -3.799)"
363,PPAC,364,2.90576,237,9.61136,"(-1.583, -2.437)","(-5.235, -8.061)"
364,PPAC,365,1.6987519999999998,162,5.9009279999999995,"(-1.616, 0.525)","(-5.612, 1.823)"
